[
   {
      "A End":"SW7000-Y",
      "B End":"NW1700-Y",
      "Route":"3079-Y",
      "Period":"15:25-Y",
      "TINOFF":"177",
      "TOGOFF":"7092",
      "TOGUNC":"6383",
      "TOGANS":"567",
      "POGOFF":"5674",
      "POGUNC":"3972",
      "POGSEIZ":"1702",
      "POGANS":"851",
      "POGLOS":"2383-Y",
      "TRFIN":"",
      "TRFOUT":"",
      "TRFBOT":"",
      "TOGSEIZ":"709-N",
      "POGSEIZ":"",
      "CIRTOT":"",
      "BCH":"",
      "SCH":"9-N",
      "OFLT":"90-N",
      "OFLP":"70-N",
      "ACE":"42-N",
      "ASRT":"",
      "ABRT":"",
      "ASRP":"",
      "IS":"900-N",
      "OS":"0-N",
      "OC":"98-N"
   },
   {
      "A End":"SW7000-N",
      "B End":"NW1700-N",
      "Route":"3079-N",
      "Period":"15:05-N",
      "TINOFF":"650-N",
      "TOGOFF":"26004-N",
      "TOGUNC":"2600-N",
      "TOGANS":"2080-N",
      "POGOFF":"2311-N",
      "POGUNC":"180-N",
      "POGSEIZ":"2131-N",
      "POGANS":"118-N",
      "POGLOS":"12-N",
      "TRFIN":"",
      "TRFOUT":"",
      "TRFBOT":"",
      "TOGSEIZ":"",
      "23404-N":"",
      "POGSEIZ":"",
      "CIRTOT":"",
      "BCH":"95-N",
      "SCH":"85-N",
      "OFLT":"10-N",
      "OFLP":"8-N",
      "ACE":"1-N",
      "ASRT":"",
      "ABRT":"",
      "ASRP":"",
      "IS":"3300-N",
      "OS":"0-N",
      "OC":"98-N"
   },
   {
      "A End":"SW7000-Y",
      "B End":"NW1700-Y",
      "Route":"3079-Y",
      "Period":"15:00-Y",
      "TINOFF":"590",
      "TOGOFF":"23640",
      "TOGUNC":"10638",
      "TOGANS":"5201",
      "POGOFF":"9456",
      "POGUNC":"3310",
      "POGSEIZ":"6146",
      "POGANS":"1536",
      "POGLOS":"893-Y",
      "TRFIN":"",
      "TRFOUT":"",
      "TRFBOT":"",
      "TOGSEIZ":"13002",
      "POGSEIZ":"",
      "CIRTOT":"",
      "BCH":"95-N",
      "SCH":"52-N",
      "OFLT":"45-N",
      "OFLP":"35-N",
      "ACE":"11-N",
      "ASRT":"",
      "ABRT":"",
      "ASRP":"",
      "IS":"3000-N",
      "OS":"0-N",
      "OC":"99-N"
   },
      {
      "A End":"SW7000-Y",
      "B End":"NW1700-Y",
      "Route":"3079-Y",
      "Period":"15:25-Y",
      "TINOFF":"177",
      "TOGOFF":"7092",
      "TOGUNC":"6383",
      "TOGANS":"567",
      "POGOFF":"5674",
      "POGUNC":"3972",
      "POGSEIZ":"1702",
      "POGANS":"851",
      "POGLOS":"2383-Y",
      "TRFIN":"",
      "TRFOUT":"",
      "TRFBOT":"",
      "TOGSEIZ":"709-N",
      "POGSEIZ":"",
      "CIRTOT":"",
      "BCH":"",
      "SCH":"9-N",
      "OFLT":"90-N",
      "OFLP":"70-N",
      "ACE":"42-N",
      "ASRT":"",
      "ABRT":"",
      "ASRP":"",
      "IS":"900-N",
      "OS":"0-N",
      "OC":"98-N"
   },
   {
      "A End":"SW7000-N",
      "B End":"NW1700-N",
      "Route":"3079-N",
      "Period":"15:05-N",
      "TINOFF":"650-N",
      "TOGOFF":"26004-N",
      "TOGUNC":"2600-N",
      "TOGANS":"2080-N",
      "POGOFF":"2311-N",
      "POGUNC":"180-N",
      "POGSEIZ":"2131-N",
      "POGANS":"118-N",
      "POGLOS":"12-N",
      "TRFIN":"",
      "TRFOUT":"",
      "TRFBOT":"",
      "TOGSEIZ":"",
      "23404-N":"",
      "POGSEIZ":"",
      "CIRTOT":"",
      "BCH":"95-N",
      "SCH":"85-N",
      "OFLT":"10-N",
      "OFLP":"8-N",
      "ACE":"1-N",
      "ASRT":"",
      "ABRT":"",
      "ASRP":"",
      "IS":"3300-N",
      "OS":"0-N",
      "OC":"98-N"
   },
   {
      "A End":"SW7000-Y",
      "B End":"NW1700-Y",
      "Route":"3079-Y",
      "Period":"15:00-Y",
      "TINOFF":"590",
      "TOGOFF":"23640",
      "TOGUNC":"10638",
      "TOGANS":"5201",
      "POGOFF":"9456",
      "POGUNC":"3310",
      "POGSEIZ":"6146",
      "POGANS":"1536",
      "POGLOS":"893-Y",
      "TRFIN":"",
      "TRFOUT":"",
      "TRFBOT":"",
      "TOGSEIZ":"13002",
      "POGSEIZ":"",
      "CIRTOT":"",
      "BCH":"95-N",
      "SCH":"52-N",
      "OFLT":"45-N",
      "OFLP":"35-N",
      "ACE":"11-N",
      "ASRT":"",
      "ABRT":"",
      "ASRP":"",
      "IS":"3000-N",
      "OS":"0-N",
      "OC":"99-N"
   },
      {
      "A End":"SW7000-Y",
      "B End":"NW1700-Y",
      "Route":"3079-Y",
      "Period":"15:25-Y",
      "TINOFF":"177",
      "TOGOFF":"7092",
      "TOGUNC":"6383",
      "TOGANS":"567",
      "POGOFF":"5674",
      "POGUNC":"3972",
      "POGSEIZ":"1702",
      "POGANS":"851",
      "POGLOS":"2383-Y",
      "TRFIN":"",
      "TRFOUT":"",
      "TRFBOT":"",
      "TOGSEIZ":"709-N",
      "POGSEIZ":"",
      "CIRTOT":"",
      "BCH":"",
      "SCH":"9-N",
      "OFLT":"90-N",
      "OFLP":"70-N",
      "ACE":"42-N",
      "ASRT":"",
      "ABRT":"",
      "ASRP":"",
      "IS":"900-N",
      "OS":"0-N",
      "OC":"98-N"
   },
   {
      "A End":"SW7000-N",
      "B End":"NW1700-N",
      "Route":"3079-N",
      "Period":"15:05-N",
      "TINOFF":"650-N",
      "TOGOFF":"26004-N",
      "TOGUNC":"2600-N",
      "TOGANS":"2080-N",
      "POGOFF":"2311-N",
      "POGUNC":"180-N",
      "POGSEIZ":"2131-N",
      "POGANS":"118-N",
      "POGLOS":"12-N",
      "TRFIN":"",
      "TRFOUT":"",
      "TRFBOT":"",
      "TOGSEIZ":"",
      "23404-N":"",
      "POGSEIZ":"",
      "CIRTOT":"",
      "BCH":"95-N",
      "SCH":"85-N",
      "OFLT":"10-N",
      "OFLP":"8-N",
      "ACE":"1-N",
      "ASRT":"",
      "ABRT":"",
      "ASRP":"",
      "IS":"3300-N",
      "OS":"0-N",
      "OC":"98-N"
   },
   {
      "A End":"SW7000-Y",
      "B End":"NW1700-Y",
      "Route":"3079-Y",
      "Period":"15:00-Y",
      "TINOFF":"590",
      "TOGOFF":"23640",
      "TOGUNC":"10638",
      "TOGANS":"5201",
      "POGOFF":"9456",
      "POGUNC":"3310",
      "POGSEIZ":"6146",
      "POGANS":"1536",
      "POGLOS":"893-Y",
      "TRFIN":"",
      "TRFOUT":"",
      "TRFBOT":"",
      "TOGSEIZ":"13002",
      "POGSEIZ":"",
      "CIRTOT":"",
      "BCH":"95-N",
      "SCH":"52-N",
      "OFLT":"45-N",
      "OFLP":"35-N",
      "ACE":"11-N",
      "ASRT":"",
      "ABRT":"",
      "ASRP":"",
      "IS":"3000-N",
      "OS":"0-N",
      "OC":"99-N"
   },
   {
      "A End":"SW7000-Y",
      "B End":"NW1700-Y",
      "Route":"3079-Y",
      "Period":"15:25-Y",
      "TINOFF":"177",
      "TOGOFF":"7092",
      "TOGUNC":"6383",
      "TOGANS":"567",
      "POGOFF":"5674",
      "POGUNC":"3972",
      "POGSEIZ":"1702",
      "POGANS":"851",
      "POGLOS":"2383-Y",
      "TRFIN":"",
      "TRFOUT":"",
      "TRFBOT":"",
      "TOGSEIZ":"709-N",
      "POGSEIZ":"",
      "CIRTOT":"",
      "BCH":"",
      "SCH":"9-N",
      "OFLT":"90-N",
      "OFLP":"70-N",
      "ACE":"42-N",
      "ASRT":"",
      "ABRT":"",
      "ASRP":"",
      "IS":"900-N",
      "OS":"0-N",
      "OC":"98-N"
   },
   {
      "A End":"SW7000-N",
      "B End":"NW1700-N",
      "Route":"3079-N",
      "Period":"15:05-N",
      "TINOFF":"650-N",
      "TOGOFF":"26004-N",
      "TOGUNC":"2600-N",
      "TOGANS":"2080-N",
      "POGOFF":"2311-N",
      "POGUNC":"180-N",
      "POGSEIZ":"2131-N",
      "POGANS":"118-N",
      "POGLOS":"12-N",
      "TRFIN":"",
      "TRFOUT":"",
      "TRFBOT":"",
      "TOGSEIZ":"",
      "23404-N":"",
      "POGSEIZ":"",
      "CIRTOT":"",
      "BCH":"95-N",
      "SCH":"85-N",
      "OFLT":"10-N",
      "OFLP":"8-N",
      "ACE":"1-N",
      "ASRT":"",
      "ABRT":"",
      "ASRP":"",
      "IS":"3300-N",
      "OS":"0-N",
      "OC":"98-N"
   },
   {
      "A End":"SW7000-Y",
      "B End":"NW1700-Y",
      "Route":"3079-Y",
      "Period":"15:00-Y",
      "TINOFF":"590",
      "TOGOFF":"23640",
      "TOGUNC":"10638",
      "TOGANS":"5201",
      "POGOFF":"9456",
      "POGUNC":"3310",
      "POGSEIZ":"6146",
      "POGANS":"1536",
      "POGLOS":"893-Y",
      "TRFIN":"",
      "TRFOUT":"",
      "TRFBOT":"",
      "TOGSEIZ":"13002",
      "POGSEIZ":"",
      "CIRTOT":"",
      "BCH":"95-N",
      "SCH":"52-N",
      "OFLT":"45-N",
      "OFLP":"35-N",
      "ACE":"11-N",
      "ASRT":"",
      "ABRT":"",
      "ASRP":"",
      "IS":"3000-N",
      "OS":"0-N",
      "OC":"99-N"
   }
]