[
   {
      "Exchange Id":"NE5000-N",
      "Period":"8:40-N",
      "TINOFF":"177",
      "TOGOFF":"7092",
      "TOGUNC":"6383",
      "TOGANS":"567",
      "POGOFF":"5674",
      "POGUNC":"3972",
      "POGSEIZ":"1702",
      "POGANS":"851",
      "POGLOS":"2383-Y",
      "TRFIN":"",
      "TRFOUT":"",
      "TRFBOT":"",
      "TOGSEIZ":"709-N",
      "POGSEIZ":"",
      "CIRTOT":"",
      "BCH":"",
      "SCH":"9-N",
      "OFLT":"90-N",
      "OFLP":"70-N",
      "ACE":"42-N",
      "ASRT":"",
      "ABRT":"",
      "ASRP":"",
      "IS":"900-N",
      "OS":"0-N",
      "OC":"98-N",
      "PROREC":"0-N",
      "PROTOVL":"0-N",
      "SINOFF":"0-N",
      "MSSOVL":"0-N",
      "PUR":"0-N",
      "PUO":"0-N",
      "MSO":"0-N",
      "PDM":"100-N"
   },
   {
      "Exchange Id":"NE5000-Y",
      "Period":"9:40-Y",
      "TINOFF":"177",
      "TOGOFF":"7092",
      "TOGUNC":"6383",
      "TOGANS":"567",
      "POGOFF":"5674",
      "POGUNC":"3972",
      "POGSEIZ":"1702",
      "POGANS":"851",
      "POGLOS":"2383-Y",
      "TRFIN":"",
      "TRFOUT":"",
      "TRFBOT":"",
      "TOGSEIZ":"709-N",
      "POGSEIZ":"",
      "CIRTOT":"",
      "BCH":"",
      "SCH":"9-N",
      "OFLT":"90-N",
      "OFLP":"70-N",
      "ACE":"42-N",
      "ASRT":"",
      "ABRT":"",
      "ASRP":"",
      "IS":"900-N",
      "OS":"0-N",
      "OC":"98-N",
      "PROREC":"2-Y",
      "PROTOVL":"2-N",
      "SINOFF":"9828-N",
      "MSSOVL":"1-N",
      "PUR":"2-N",
      "PUO":"2-N",
      "MSO":"1-N",
      "PDM":"6-N"
   },
   {
      "Exchange Id":"NE5000-N",
      "Period":"8:40-N",
      "TINOFF":"177",
      "TOGOFF":"7092",
      "TOGUNC":"6383",
      "TOGANS":"567",
      "POGOFF":"5674",
      "POGUNC":"3972",
      "POGSEIZ":"1702",
      "POGANS":"851",
      "POGLOS":"2383-Y",
      "TRFIN":"",
      "TRFOUT":"",
      "TRFBOT":"",
      "TOGSEIZ":"709-N",
      "POGSEIZ":"",
      "CIRTOT":"",
      "BCH":"",
      "SCH":"9-N",
      "OFLT":"90-N",
      "OFLP":"70-N",
      "ACE":"42-N",
      "ASRT":"",
      "ABRT":"",
      "ASRP":"",
      "IS":"900-N",
      "OS":"0-N",
      "OC":"98-N",
      "PROREC":"0-N",
      "PROTOVL":"0-N",
      "SINOFF":"0-N",
      "MSSOVL":"0-N",
      "PUR":"0-N",
      "PUO":"0-N",
      "MSO":"0-N",
      "PDM":"100-N"
   },
   {
      "Exchange Id":"NE5000-Y",
      "Period":"9:40-Y",
      "TINOFF":"177",
      "TOGOFF":"7092",
      "TOGUNC":"6383",
      "TOGANS":"567",
      "POGOFF":"5674",
      "POGUNC":"3972",
      "POGSEIZ":"1702",
      "POGANS":"851",
      "POGLOS":"2383-Y",
      "TRFIN":"",
      "TRFOUT":"",
      "TRFBOT":"",
      "TOGSEIZ":"709-N",
      "POGSEIZ":"",
      "CIRTOT":"",
      "BCH":"",
      "SCH":"9-N",
      "OFLT":"90-N",
      "OFLP":"70-N",
      "ACE":"42-N",
      "ASRT":"",
      "ABRT":"",
      "ASRP":"",
      "IS":"900-N",
      "OS":"0-N",
      "OC":"98-N",
      "PROREC":"2-Y",
      "PROTOVL":"2-N",
      "SINOFF":"9828-N",
      "MSSOVL":"1-N",
      "PUR":"2-N",
      "PUO":"2-N",
      "MSO":"1-N",
      "PDM":"6-N"
   },
   {
      "Exchange Id":"NE5000-N",
      "Period":"8:40-N",
      "TINOFF":"177",
      "TOGOFF":"7092",
      "TOGUNC":"6383",
      "TOGANS":"567",
      "POGOFF":"5674",
      "POGUNC":"3972",
      "POGSEIZ":"1702",
      "POGANS":"851",
      "POGLOS":"2383-Y",
      "TRFIN":"",
      "TRFOUT":"",
      "TRFBOT":"",
      "TOGSEIZ":"709-N",
      "POGSEIZ":"",
      "CIRTOT":"",
      "BCH":"",
      "SCH":"9-N",
      "OFLT":"90-N",
      "OFLP":"70-N",
      "ACE":"42-N",
      "ASRT":"",
      "ABRT":"",
      "ASRP":"",
      "IS":"900-N",
      "OS":"0-N",
      "OC":"98-N",
      "PROREC":"0-N",
      "PROTOVL":"0-N",
      "SINOFF":"0-N",
      "MSSOVL":"0-N",
      "PUR":"0-N",
      "PUO":"0-N",
      "MSO":"0-N",
      "PDM":"100-N"
   },
   {
      "Exchange Id":"NE5000-Y",
      "Period":"9:40-Y",
      "TINOFF":"177",
      "TOGOFF":"7092",
      "TOGUNC":"6383",
      "TOGANS":"567",
      "POGOFF":"5674",
      "POGUNC":"3972",
      "POGSEIZ":"1702",
      "POGANS":"851",
      "POGLOS":"2383-Y",
      "TRFIN":"",
      "TRFOUT":"",
      "TRFBOT":"",
      "TOGSEIZ":"709-N",
      "POGSEIZ":"",
      "CIRTOT":"",
      "BCH":"",
      "SCH":"9-N",
      "OFLT":"90-N",
      "OFLP":"70-N",
      "ACE":"42-N",
      "ASRT":"",
      "ABRT":"",
      "ASRP":"",
      "IS":"900-N",
      "OS":"0-N",
      "OC":"98-N",
      "PROREC":"2-Y",
      "PROTOVL":"2-N",
      "SINOFF":"9828-N",
      "MSSOVL":"1-N",
      "PUR":"2-N",
      "PUO":"2-N",
      "MSO":"1-N",
      "PDM":"6-N"
   }
   
]