[
  {
      "A End Exchange": "SW7000-Y",
      "A End Technology": "SYSX",
      "A End Lat": "53.958332",
      "A End Long": "-1.080278",
      "B End Exchange": "NW1700-Y",
      "B End Technology": "SYSX",
      "B End Lat": "52.192001",
      "B End Long": "-2.220000",
      "Route": "3079-Y",
      "Period": "15:25-Y",
      "Status": "Red"
  },
  {
      "A End Exchange": "SW7000-Y",
      "A End Technology": "SYSX",
      "A End Lat": "51.063202",
      "A End Long": "-1.308000",
      "B End Exchange": "NW1700-Y",
      "B End Technology": "SYSX",
      "B End Lat": "51.209000",
      "B End Long": "-2.647000",
      "Route": "3079-Y",
      "Period": "15:25-Y",
      "Status": "green"
  },
  {
      "A End Exchange": "SW7000-Y",
      "A End Technology": "SYSX",
      "A End Lat": "53.680000",
      "A End Long": "-1.490000",
      "B End Exchange": "NW1700-Y",
      "B End Technology": "SYSX",
      "B End Lat": "50.259998",
      "B End Long": "-5.051000",
      "Route": "3079-Y",
      "Period": "15:25-Y",
      "Status": "yellow"
  },
  {
      "A End Exchange": "SW7000-Y",
      "A End Technology": "SYSX",
      "A End Lat": "54.906101",
      "A End Long": "-1.381130",
      "B End Exchange": "NW1700-Y",
      "B End Technology": "SYSX",
      "B End Lat": "53.383331",
      "B End Long": "-1.466667",
      "Route": "3079-Y",
      "Period": "15:25-Y",
      "Status": "Red"
  },
  {
      "A End Exchange": "SW7000-Y",
      "A End Technology": "SYSX",
      "A End Lat": "53.483002",
      "A End Long": "-2.293100",
      "B End Exchange": "NW1700-Y",
      "B End Technology": "SYSX",
      "B End Lat": "51.882000",
      "B End Long": "-5.269000",
      "Route": "3079-Y",
      "Period": "15:25-Y",
      "Status": "red"
  }]